<?xml version="1.0" encoding="UTF-8"?>
<!DOCTYPE suite SYSTEM "http://testng.org/testng-1.0.dtd">
<suite name="Gurukula Fucntional Test Automation Suite">

	<test thread-count="1" name="Login Test" enabled="true" parallel="false"
		preserve-order="true">
		<classes>
			<class name="com.myUseCase.MyLogin" />

		</classes>
	</test>
	<test thread-count="1" name="Registration Test" enabled="true"
		parallel="false" preserve-order="true">
		<classes>
			<class name="com.myUseCase.MyRegistration" />

		</classes>
	</test>

	<test thread-count="1" name="Account Test" enabled="true"
		parallel="false" preserve-order="true">
		<classes>
			<class name="com.myUseCase.MyAccount" />

		</classes>
	</test>

	<test thread-count="1" name="Branch Test" enabled="true" parallel="false"
		preserve-order="true">
		<classes>
			<class name="com.myUseCase.MyBranch" />

		</classes>
	</test>

	<test thread-count="1" name="Staff Test" enabled="true" parallel="false"
		preserve-order="true">
		<classes>
			<class name="com.myUseCase.MyStaff" />

		</classes>
	</test>

</suite> <!-- Suite -->
